Name,Year Founded,Industry,Size Range,Country,Current Employee Estimate
blue point technologies,,information technology and services,1 - 10,greece,0
call a cab limited,,telecommunications,1 - 10,united kingdom,1
nationwide car hire uk ltd,,transportation/trucking/railroad,1 - 10,,0
european biomass association,1992.0,renewables & environment,1 - 10,belgium,1
intermedicas worldwide,2010.0,hospital & health care,11 - 50,romania,7
"mulligan's landscaping and garden center, inc.",1994.0,environmental services,1 - 10,united states,0
crmc,,hospital & health care,1001 - 5000,,945
massinnovation llc,1996.0,real estate,1 - 10,united states,1
fulcrum co.,1985.0,information technology and services,201 - 500,united states,128
"ascend audit & advisory, inc.",2014.0,accounting,1 - 10,united states,2
creeped out customs,2013.0,automotive,1 - 10,united states,1
arlotta multichannel marketing,,marketing and advertising,1 - 10,,0
conselho regional de administração do ceará,,higher education,1 - 10,,1
ascentia wealth pty ltd,,financial services,1 - 10,,1
james tree service,,construction,1 - 10,united states,1
"megalytics, inc.",,financial services,1 - 10,,1
east ridge at cutler bay,1962.0,hospital & health care,11 - 50,united states,14
"317 virtual services, llc",2011.0,telecommunications,1 - 10,united states,5
e-yon,2012.0,wholesale,1 - 10,netherlands,0
osha safety training institute,2009.0,education management,1 - 10,united states,3
alliance residential company,2000.0,real estate,1001 - 5000,united states,1301
orissa industries limited,,electrical/electronic manufacturing,1 - 10,india,0
whos calling,,information technology and services,1 - 10,united states,2
canadian benefits associates inc.,,human resources,1 - 10,,1
mccarron lake chiropractic,2003.0,"health, wellness and fitness",1 - 10,united states,3
vanbee & co. llc,2013.0,marketing and advertising,1 - 10,,1
modways object d art private limited,,information technology and services,1 - 10,,1
"challenge mc - hostesses, promo & eventpeople",2002.0,events services,51 - 200,belgium,41
divy inc.,2015.0,financial services,11 - 50,,6
satrapes srl,2002.0,"leisure, travel & tourism",1 - 10,italy,0
swoppen systems gmbh,,internet,1 - 10,germany,0
energy solution srl,2005.0,oil & energy,11 - 50,italy,6
vida incorporações | realizamos seu sonho de vida,,information technology and services,1 - 10,,1
oliviero abbigliamento s.r.l.,1977.0,retail,51 - 200,italy,28
satrap support,2013.0,information technology and services,11 - 50,,4
access staffing inc.,1997.0,staffing and recruiting,11 - 50,united states,9
craft carpet care,,oil & energy,1 - 10,united states,1
cradaptive,2013.0,information technology and services,1 - 10,nigeria,0
devender kataria & associates,,legal services,1 - 10,,1
the city of cincinnati,,information technology and services,11 - 50,spain,9
the greenhorn company ltd,2008.0,events services,1 - 10,new zealand,1
nicelabel,1993.0,computer software,201 - 500,slovenia,69
asellerator inc.,,information technology and services,11 - 50,,5
b2g - business to group,2009.0,professional training & coaching,1 - 10,brazil,3
the connected table,,marketing and advertising,1 - 10,,2
endeva (nw) cic,2007.0,management consulting,1 - 10,united kingdom,1
everywhere srl,2010.0,information technology and services,11 - 50,italy,7
royal ridge apartments,,real estate,1 - 10,united states,0
creativeone sprl,2008.0,telecommunications,11 - 50,belgium,5
baunova,2017.0,construction,1 - 10,spain,3
pp enterprises,,accounting,1 - 10,united states,2
leads learning and development services,2006.0,human resources,1 - 10,,3
young associates,1993.0,marketing and advertising,1 - 10,united states,1
tracktivity,2013.0,sports,1 - 10,united states,4
reisman & reisman,,law practice,1 - 10,united states,2
bens supermarket limited,,retail,1 - 10,united kingdom,2
wasabi sushi,,food & beverages,11 - 50,,9
metron sa,1995.0,mechanical or industrial engineering,51 - 200,greece,23
pitzil s.a.,2011.0,internet,11 - 50,,6
lynrise ltd,,mechanical or industrial engineering,1 - 10,united kingdom,1
vozlatino,,marketing and advertising,1 - 10,,1
stride tool inc.,1980.0,human resources,11 - 50,united states,21
teamyar,2009.0,computer software,51 - 200,iran,20
mejana recruitment consultancy,2008.0,staffing and recruiting,1 - 10,,1
gp produzioni srl,,events services,1 - 10,italy,2
teleido,,computer software,1 - 10,united states,4
taste in the flat,2016.0,events services,1 - 10,portugal,2
arc-net,2014.0,information technology and services,11 - 50,united kingdom,10
adventure falls golf,,retail,1 - 10,united states,0
apoorva foods - india,,food & beverages,1 - 10,india,1
minford chartered accountants,1990.0,accounting,11 - 50,,11
orbits engineering firm,2004.0,civil engineering,51 - 200,saudi arabia,44
tay&lexi clothing,,apparel & fashion,1 - 10,,2
gbc infotech pvt. ltd,2008.0,information technology and services,1 - 10,india,2
sonia coelho design,,retail,1 - 10,,2
boys & girls clubs of san dieguito,1966.0,non-profit organization management,11 - 50,united states,11
khaled jabboury m.d.p.a,,hospital & health care,1 - 10,united states,0
marlton auto parts inc,,automotive,1 - 10,united states,0
"any comunicação - assessoria, consultoria e social media",,transportation/trucking/railroad,1 - 10,,1
northern insulation contractors llp,1981.0,environmental services,11 - 50,united kingdom,10
mediacom consulting - pr and communications agency,2001.0,media production,1 - 10,,0
frontsite lyd & event,,events services,1 - 10,,1
miami-dade gay & lesbian chamber of commerce,1999.0,professional training & coaching,1 - 10,united states,4
se adapta - soluciones gráficas,2012.0,graphic design,1 - 10,chile,0
inland real estate sales inc,,marketing and advertising,1 - 10,united states,0
ddcatgroup,,telecommunications,1 - 10,,3
hard rock hotel ibiza,2014.0,hospitality,51 - 200,spain,66
novelec,,electrical/electronic manufacturing,11 - 50,,12
renaissance chicago downtown hotel,,hospitality,11 - 50,united states,22
spring reach nursery limited,,consumer services,1 - 10,,0
"curran & associates cpa's, p.c.",2013.0,accounting,1 - 10,united states,4
pro light & sound pty ltd,1989.0,events services,11 - 50,australia,7
landskap paisaje y medio ambiente,,environmental services,1 - 10,,1
quanteon solutions,2015.0,information technology and services,11 - 50,india,6
hallmark pool & spa world,,construction,1 - 10,,0
comparific ab,,computer software,1 - 10,,2
clothing connect b.v.,2009.0,apparel & fashion,1 - 10,netherlands,3
equence technologies pvt ltd,,telecommunications,1 - 10,india,2
functional fitness health & wellbeing,,"health, wellness and fitness",1 - 10,,1
co.art s.r.l.,2008.0,graphic design,11 - 50,italy,4
tiro group,1969.0,staffing and recruiting,1 - 10,united states,1
spence photographics,,photography,1 - 10,,2
kimberlys global realestate,,real estate,1 - 10,united states,5
lithuanian hall,,publishing,1 - 10,united states,0
parsian,,marketing and advertising,1 - 10,belgium,2
big surf water park,,human resources,1 - 10,united states,2
d'place entertainment,2015.0,entertainment,1 - 10,united states,1
tot traveler,,"leisure, travel & tourism",1 - 10,united states,1
karate usa family martial arts academy,,sports,1 - 10,,3
mindstorm,2014.0,marketing and advertising,11 - 50,india,7
lz films,2009.0,media production,1 - 10,,3
j.c. mitchell,,insurance,1 - 10,,3
nova oratório ferramentas,1991.0,retail,1 - 10,,1
konstans kommunikation ab,,management consulting,1 - 10,sweden,1
fascetti associati,2013.0,marketing and advertising,11 - 50,italy,7
bosch uk,1898.0,mechanical or industrial engineering,51 - 200,united kingdom,50
angelical tears llc,2007.0,entertainment,1 - 10,united states,3
13tv,,marketing and advertising,51 - 200,,43
davis municipal golf course,,events services,1 - 10,united states,0
magical massage,,"health, wellness and fitness",1 - 10,united states,1
intech soluções em tecnologia,2016.0,information technology and services,1 - 10,brazil,1
rural cellular corporation,,telecommunications,1 - 10,united states,0
sparta electric inc,,construction,1 - 10,united states,1
carbrain,2016.0,automotive,1 - 10,united states,3
eberhardt aziatische kunst b.v.,,accounting,1 - 10,netherlands,0
technic electronic corporation - india,,electrical/electronic manufacturing,1 - 10,india,2
zumo studio,2007.0,graphic design,1 - 10,colombia,2
the purple hearts group,2012.0,management consulting,1 - 10,,2
fornituras l.mora,1988.0,apparel & fashion,1 - 10,spain,3
itc - inteligent telecom certification,2015.0,telecommunications,1 - 10,,3
global digital wealth,,marketing and advertising,1 - 10,united states,0
trainz group,2017.0,"leisure, travel & tourism",1 - 10,,2
ca (india) technologies private limited cn,,information technology and services,1 - 10,,1
cherkasy it cluster,,information technology and services,1 - 10,,1
"brick media consulting group, llc",2016.0,media production,1 - 10,united states,1
omkar solutions,,human resources,1 - 10,united states,3
nck partners,,electrical/electronic manufacturing,11 - 50,united states,11
the ceo magazine,2012.0,publishing,11 - 50,united states,21
"carney badley spellman, p.s.",,law practice,51 - 200,united states,55
techbean systems pvt. ltd.,2011.0,information technology and services,11 - 50,,8
earth legacy inc.,2010.0,environmental services,1 - 10,canada,2
southern electrical contractors ltd,,electrical/electronic manufacturing,1 - 10,,1
fasset technologies,2014.0,information technology and services,1 - 10,united kingdom,0
automax service,2011.0,automotive,1 - 10,,3
auum inc.,2006.0,"health, wellness and fitness",1 - 10,canada,4
sigma embedded engineering,2015.0,information technology and services,201 - 500,sweden,68
live oak realty,,real estate,1 - 10,,2
black cherry marketing,2013.0,marketing and advertising,1 - 10,,0
vousys,2003.0,information technology and services,1 - 10,argentina,0
countrywide conveyancing services,,legal services,11 - 50,,13
paul bunyan transit,,transportation/trucking/railroad,1 - 10,united states,3
animal protection of new mexico,1979.0,non-profit organization management,1 - 10,united states,5
image marketing concepts,1996.0,marketing and advertising,1 - 10,united states,0
dasa international movers,,transportation/trucking/railroad,1 - 10,,2
würth timberline fasteners,1923.0,wholesale,11 - 50,united states,23
heart4heartuw chapter,,non-profit organization management,1 - 10,,3
sfr property professionals,,real estate,1 - 10,australia,1
tower consulting group,2011.0,management consulting,11 - 50,peru,4
think office l brand strategy & design,2012.0,marketing and advertising,1 - 10,,3
cocked hat farm foods ltd,,food & beverages,1 - 10,,1
z groupe,,internet,1 - 10,,1
talenio,2016.0,staffing and recruiting,1 - 10,united arab emirates,0
debris,2015.0,music,1 - 10,,1
whitney communication corporation,,publishing,1 - 10,united states,0
koninklijke nederlandse munt,,mechanical or industrial engineering,51 - 200,netherlands,34
bastour travel srl,2013.0,hospitality,1 - 10,romania,2
red mountain advertising & pr,2011.0,public relations and communications,1 - 10,united kingdom,0
strawberry coaching,,management consulting,1 - 10,,1
webfluence consulting social media & internet marketing,2009.0,marketing and advertising,1 - 10,,0
crossfit blacksburg,2009.0,"health, wellness and fitness",1 - 10,united states,3
sans a_,2013.0,internet,11 - 50,france,7
smart cards,,financial services,1 - 10,united states,4
eco divers dredger company (edd co. ) ، شرکت غواصان زیست لایروب,2015.0,environmental services,1 - 10,iran,2
timberland financial group,2009.0,financial services,1 - 10,united states,2
"savante - solutions for sales, marketing & operations",2014.0,marketing and advertising,1 - 10,united states,1
carroll creek montessori public charter school,,education management,1 - 10,,2
bedford rowing club,,sports,1 - 10,united kingdom,0
franciswhite constructions,,construction,1 - 10,,0
enviremedial services inc,,construction,11 - 50,united states,9
orcantia real estate,,real estate,1 - 10,,1
haverly systems inc,,oil & energy,11 - 50,united states,16
kingston insurance agency,,insurance,1 - 10,united states,3
"strategy solutions, inc.",1998.0,non-profit organization management,1 - 10,united states,2
personaltrainersquotes,,"health, wellness and fitness",1 - 10,,1
engineering process control,,construction,1 - 10,,3
home nursing group,1985.0,hospital & health care,11 - 50,australia,8
trayer products inc,,transportation/trucking/railroad,11 - 50,united states,6
fountain car concierge,2009.0,automotive,1 - 10,,1
filippo ruggero architetto,2002.0,internet,1 - 10,,1
growfinn wealth management,,financial services,1 - 10,,1
stepsi,2015.0,events services,1 - 10,lithuania,0
vitalia salud,2016.0,hospital & health care,1 - 10,bolivia,3
novatek,,legal services,1 - 10,united states,1
génération immobilier,2009.0,real estate,1 - 10,,1
"real living northwest, realtors",2010.0,real estate,1 - 10,united states,1
lobb sports architecture limited,,architecture & planning,1 - 10,united kingdom,0
american environmental,2007.0,environmental services,11 - 50,united states,8
magnetic systems technology sp. z o.o. sp.k.,2011.0,electrical/electronic manufacturing,51 - 200,poland,17
ocean beach sales,,real estate,1 - 10,united states,2
"medvensys, llc",,hospital & health care,1 - 10,united states,1
coperon technologies,2000.0,information technology and services,11 - 50,lebanon,5
esquire formal hire & wedding hire,,retail,1 - 10,united kingdom,0
salvage one,,legal services,1 - 10,united states,0
toykan i̇nşaat,1982.0,construction,1 - 10,turkey,0
inova health system,,hospital & health care,10001+,united states,5146
duropanel,2009.0,marketing and advertising,11 - 50,netherlands,5
nibs spectrum,,automotive,1 - 10,,1
plexus unified communications,,telecommunications,1 - 10,united states,0
salvini rüegsegger architekten,2016.0,architecture & planning,1 - 10,switzerland,2
jaya teknologi internasional,,information technology and services,1 - 10,indonesia,2
foto robert philipe de klijne,1993.0,photography,1 - 10,netherlands,0
la table ronde,2012.0,events services,1 - 10,france,0
"fairshop,llc (fairshop.com)",,retail,1 - 10,,1
"winstar properties, inc",,real estate,11 - 50,united states,8
lumen creative,2007.0,design,1 - 10,canada,0
first platinum international,,financial services,1 - 10,,1
advancemysales.com,,financial services,1 - 10,,1
becking & beekman personeelsadvies voor het mkb,2010.0,human resources,1 - 10,netherlands,0
shubham consultants,,financial services,1 - 10,,1
blastmedia,2005.0,public relations and communications,11 - 50,united states,19
the ad kitchen,,marketing and advertising,11 - 50,,4
social sampling,2010.0,marketing and advertising,11 - 50,united states,14
physicians rejuvenation centers,,"health, wellness and fitness",11 - 50,,4
ages,,legal services,201 - 500,,84
danny forster design studio,2008.0,architecture & planning,1 - 10,united states,4
ag nails,,consumer services,1 - 10,germany,1
unitech blaymires limited,,automotive,1 - 10,united kingdom,1
montepio de conductores,2009.0,insurance,11 - 50,spain,7
"morris county dental associates, llc",,hospital & health care,1 - 10,united states,0
thoolen international b.v.,1960.0,wholesale,11 - 50,netherlands,4
patientcraft,,hospital & health care,1 - 10,united states,1
imba design,2007.0,design,1 - 10,,1
skyway builders inc,,design,1 - 10,united states,1
les salons de sylvie roy,,events services,1 - 10,,1
pure concept,2005.0,information technology and services,1 - 10,france,2
jack of all trades media llc,2010.0,public relations and communications,1 - 10,united states,1
true brit,,apparel & fashion,1 - 10,,1
ragingnet,,information technology and services,1 - 10,,0
greenpoint management,,environmental services,1 - 10,romania,2
exult conserv pvt. ltd. - india,,accounting,1 - 10,,1
performer agency,2010.0,entertainment,11 - 50,netherlands,5
acol smeermiddelen center,1984.0,wholesale,1 - 10,belgium,1
€uro advisor services gmbh,,financial services,1 - 10,germany,0
sullivan family of companies,,retail,51 - 200,,42
stratégie7,2011.0,management consulting,1 - 10,canada,1
"future renewable energy systems, fres",,renewables & environment,1 - 10,saudi arabia,0
nice (nutrition information center),,"health, wellness and fitness",1 - 10,,2
hendersons legal,2001.0,law practice,1 - 10,,0
inner sol center for conscious living,2016.0,"health, wellness and fitness",1 - 10,united states,1
revenue optimization consultants,2015.0,hospitality,11 - 50,united states,19
classic ceramic tile inc,,construction,1 - 10,united states,0
art addiction,1997.0,photography,1 - 10,united states,1
glint.,2015.0,computer software,1 - 10,united states,0
datanational corporation,1979.0,information technology and services,11 - 50,united states,16
mocklab,2017.0,computer software,1 - 10,,1
limitdesigns,,design,1 - 10,,1
cristel saci,,information technology and services,1 - 10,,1
the american genius,2007.0,publishing,11 - 50,united states,13
hosting ngemeng,2008.0,internet,1 - 10,,1
bel-mar lanes,,consumer services,1 - 10,united states,0
infracon construction,,construction,1 - 10,united states,1
la mata dando,,marketing and advertising,11 - 50,,4
le multipiste,,media production,1 - 10,,1
globe retail,,retail,11 - 50,,8
"kelley, jiggins & associates",1970.0,insurance,1 - 10,united states,3
xceed systems,,information technology and services,1 - 10,,1
nyc department of information technology & telecommunications,,information technology and services,501 - 1000,united states,337
taylor park nursing home,,hospital & health care,1 - 10,united states,0
rhonda hemmingway couture,,design,1 - 10,australia,2
revotec oy,,automotive,1 - 10,,0
verii,,graphic design,1 - 10,,1
parabola developments ltd.,,construction,1 - 10,canada,1
fabcoders,,computer software,1 - 10,india,1
jamal media services,,media production,1 - 10,,0
aldi suisse ag,,retail,501 - 1000,switzerland,168
sucsez b.v.,2000.0,insurance,51 - 200,netherlands,19
lorenz latin dance studio llc,,accounting,1 - 10,united states,2
propak sheet metal ltd,1977.0,mechanical or industrial engineering,11 - 50,,10
portland works little sheffield ltd.,,transportation/trucking/railroad,1 - 10,spain,0
rm7 arquitetura,2008.0,architecture & planning,1 - 10,brazil,1
hörmann automotive gustavsburg gmbh,,automotive,11 - 50,germany,6
end now foundation,,information technology and services,1 - 10,,2
chap arnold insurance agency,1971.0,insurance,1 - 10,united states,5
future skills,2000.0,professional training & coaching,11 - 50,new zealand,5
capital 360,,real estate,1 - 10,australia,4
"strategic enterprise technology, inc.",,management consulting,1 - 10,spain,1
hilton garden inn dublin custom house,,hospitality,1 - 10,,1
kiddo science,,mechanical or industrial engineering,1 - 10,malaysia,0
north shore diagnostics,,hospital & health care,1 - 10,united states,0
yuksel,,construction,1 - 10,belgium,0
havering chamber of commerce and industry,1980.0,non-profit organization management,1 - 10,united kingdom,0
ireengineer,2010.0,management consulting,1 - 10,,1
power fil s.a de c.v.,1990.0,automotive,1 - 10,mexico,2
horecaresearch - coaching & advies,,information technology and services,1 - 10,,2
lean disruptor,,management consulting,1 - 10,ireland,1
charlie harrison baby gifts,2016.0,retail,1 - 10,,0
wallfort properties,2013.0,real estate,1 - 10,india,0
baimeni,2012.0,internet,1 - 10,,1
ambalsoft overseas software solutions,,information technology and services,1 - 10,,2
"beijing bright technology co., ltd.",2005.0,electrical/electronic manufacturing,1 - 10,china,1
namdhari events n promotions pvt. ltd.,,events services,1 - 10,,3
sentient capital london ltd,2015.0,financial services,1 - 10,united kingdom,3
peak partner,,marketing and advertising,1 - 10,,1
trend@dress medien ag,1981.0,marketing and advertising,1 - 10,germany,2
"valeria marketing, llc",2017.0,marketing and advertising,1 - 10,united states,2
grupo sojo,,construction,1 - 10,,3
argos advisors gmbh,2014.0,staffing and recruiting,1 - 10,,3
visix software,,internet,1 - 10,spain,0
cosilog,2007.0,information technology and services,1 - 10,france,3
avius di eufemia snc,,music,1 - 10,,0
efilm australia,,entertainment,1 - 10,,0
relish cuisine catering,,hospitality,1 - 10,,1
tourismtiger,2014.0,internet,11 - 50,chile,13
"katzer construction consulting, inc.",2001.0,construction,1 - 10,united states,1
protocam,1994.0,mechanical or industrial engineering,11 - 50,united states,7
blanket heat,,environmental services,1 - 10,,1
"future tech systems, inc.",1985.0,computer software,1 - 10,united states,0
triska energy,2013.0,oil & energy,11 - 50,,4
evosul construção ltda,,civil engineering,1 - 10,,1
technocable wiring specialist,,telecommunications,1 - 10,united states,0
mindscroll,,education management,11 - 50,,8
osko inc,,computer software,1 - 10,germany,1
orion coders,,computer software,11 - 50,india,7
international cricketers association,,sports,1 - 10,united kingdom,2
hi-torque,,transportation/trucking/railroad,1 - 10,australia,1
north northamptonshire joint planning & delivery unit,,higher education,1 - 10,,1
hinojosa design studio,,design,11 - 50,united states,6
lj hooker palm beach,1928.0,real estate,1 - 10,,3
healthamerica,,insurance,501 - 1000,,246
acad group,,design,1 - 10,germany,1
delish agency,2016.0,marketing and advertising,1 - 10,united states,1
found!t,2016.0,apparel & fashion,1 - 10,united states,1
"trinidad tank and fuel services ltd.,",,oil & energy,1 - 10,,1
mcgill transportation inc,1993.0,transportation/trucking/railroad,1 - 10,canada,1
finesoft,2008.0,computer software,1 - 10,poland,1
smitty's beer and wine delivery,,food & beverages,1 - 10,,0
orange personal communications services limited,,telecommunications,1 - 10,,2
sideo pmpc,,mechanical or industrial engineering,1 - 10,,3
zibrant ltd,,events services,1 - 10,,1
java republic,1999.0,food & beverages,51 - 200,ireland,33
inshortmarketing,,management consulting,1 - 10,,1
pt. arisma data setia,1991.0,information technology and services,1 - 10,indonesia,1
bay lending,,financial services,1 - 10,united states,2
soliman travel limited,,"leisure, travel & tourism",1 - 10,,0
a man around the house,,oil & energy,1 - 10,united states,1
jako rybička,2011.0,"health, wellness and fitness",1 - 10,,1
maod,2009.0,architecture & planning,1 - 10,netherlands,1
clever girl communications,,marketing and advertising,1 - 10,,0
mobius llc,,entertainment,1 - 10,united states,0
"lionshead wealth management, llc",2017.0,financial services,1 - 10,united states,1
nodtech s.a.c.,2017.0,information technology and services,1 - 10,peru,2
all about hair beauty salon,,"health, wellness and fitness",1 - 10,united states,4
poineer computer,,information technology and services,11 - 50,,10
the youth doctor academy,2017.0,medical practice,1 - 10,,2
kinetic physio and pilates,2018.0,"health, wellness and fitness",1 - 10,,1
farmhouse ventures,2015.0,real estate,1 - 10,united states,1
t-shirt tickles,2018.0,apparel & fashion,1 - 10,united states,1
"xmetryx, llc",2014.0,computer software,1 - 10,united states,2
"hammerspark, inc.",,management consulting,1 - 10,united states,1
jake critchlow design,2013.0,design,1 - 10,,2
loud technologies,,music,11 - 50,united states,23
wingenuity,2003.0,information technology and services,1 - 10,united states,0
ford park,2003.0,marketing and advertising,1 - 10,united states,3
"iscon imaging, inc.",2006.0,electrical/electronic manufacturing,1 - 10,united states,3
aktiv bedriftshelsetjeneste as,,"health, wellness and fitness",1 - 10,,2
salonwalk,,"health, wellness and fitness",1 - 10,,0
mattonurminen (matnur oy),,construction,1 - 10,finland,1
raimondo & associates,,law practice,1 - 10,united states,2
"recruiternet, inc.",,computer software,1 - 10,,0
pebblebrook hotel trust (nyse: peb),2009.0,real estate,11 - 50,united states,15
groupe grandir,,construction,1 - 10,united states,0
la's promise,2003.0,education management,11 - 50,united states,8
esquire marketing,,marketing and advertising,1 - 10,,0
agence bix,1994.0,graphic design,1 - 10,,1
amplus consulting,,financial services,11 - 50,,12
ew imports,2002.0,automotive,1 - 10,,1
"corporate consulting, inc.",,management consulting,1 - 10,united states,0
rock a.i,2016.0,computer software,1 - 10,,3
tipstr tv,,media production,1 - 10,germany,0
onerock advisory group,,management consulting,1 - 10,canada,0
timeop,2010.0,internet,1 - 10,romania,0
four for business ag,1998.0,internet,11 - 50,germany,6
focus on accounts limited,2003.0,accounting,1 - 10,united kingdom,0
whitfields solicitors,,law practice,11 - 50,,9
scott gross co.,,consumer services,1 - 10,united states,0
artesia studio,2016.0,design,1 - 10,france,0
the bogdahn group,2000.0,financial services,1 - 10,united states,3
amlaps / intcas,2011.0,education management,1 - 10,,1
time to spark,2014.0,retail,1 - 10,netherlands,1
darbys solicitors llp,1919.0,law practice,11 - 50,united kingdom,19
atech graphics and signs,,graphic design,1 - 10,,2
leeskliniek schoolbreed,2014.0,education management,1 - 10,netherlands,3
champlain orchards,1998.0,renewables & environment,1 - 10,united states,5
mpower energy,2008.0,oil & energy,11 - 50,united states,16
web wolves,2015.0,marketing and advertising,1 - 10,australia,1
snaplio,2016.0,"leisure, travel & tourism",1 - 10,denmark,0
botaclinic sa,2009.0,medical practice,11 - 50,belgium,4
woburn little league,,marketing and advertising,1 - 10,united states,0
flcom.de,,marketing and advertising,1 - 10,,0
visionoss,,information technology and services,11 - 50,,8
miller coffey tate llp,,accounting,1 - 10,united states,3
youth life foundation of richmond,2002.0,non-profit organization management,11 - 50,united states,7
nautilus health club,1999.0,"health, wellness and fitness",11 - 50,portugal,9
yancey marketing corp,,marketing and advertising,1 - 10,united states,0
"fluitron, inc.",,mechanical or industrial engineering,1 - 10,united states,0
leadingware group,2011.0,wholesale,1 - 10,united states,2
"abbadabba's, inc",,retail,11 - 50,united states,14
heritage construction and restoration llc,2017.0,construction,1 - 10,united states,1
oneeighty,,apparel & fashion,1 - 10,united states,0
keravan energia,1906.0,oil & energy,11 - 50,finland,6
rechargers,,events services,1 - 10,,3
tithof tile and marble,,construction,11 - 50,,14
reinertsen,,construction,1001 - 5000,norway,520
rickards,1980.0,accounting,1 - 10,united states,4
elevated services inc,,construction,1 - 10,united states,1
bc direct ltd,1999.0,information technology and services,1 - 10,united kingdom,0
ibn rushd ltd,,oil & energy,11 - 50,united kingdom,6
itk systems,,information technology and services,1 - 10,,1
autentic ltd,,consumer services,1 - 10,united kingdom,0
garden ponds unlimited llc,,consumer services,1 - 10,united states,0
sues house,,higher education,1 - 10,united states,1
bombero sales and marketing management,,marketing and advertising,11 - 50,netherlands,14
surrendipity,,marketing and advertising,1 - 10,,1
crossroads greenhouse,,wholesale,1 - 10,united states,0
tecnologia adelfuns,2014.0,information technology and services,1 - 10,venezuela,2
ideal europe limited,,apparel & fashion,11 - 50,united kingdom,6
the permanent legacy foundation,2014.0,computer software,1 - 10,united states,5
deals gap motorcycle resort,,retail,1 - 10,united states,3
"amplitude seguros - corretores seguros, lda",1970.0,insurance,11 - 50,portugal,15
ultimate therapy,,consumer services,1 - 10,united states,2
therapeutics unlimited,1993.0,"health, wellness and fitness",11 - 50,united states,15
tigo rwanda,,telecommunications,11 - 50,rwanda,6
shri ayurved seva sadan,1957.0,"health, wellness and fitness",1 - 10,,2
ien risk management consultants,2011.0,insurance,1 - 10,united states,1
connect sverige,1999.0,management consulting,11 - 50,sweden,5
the gallery cabaret,1987.0,consumer goods,1 - 10,united states,2
sock it dewatering,,construction,1 - 10,united states,0
kuwait pharmaceutical association,,"health, wellness and fitness",1 - 10,,0
viettel is,,information technology and services,11 - 50,,4
projectar,,architecture & planning,1 - 10,italy,1
future forward foods,2017.0,food & beverages,1 - 10,united states,2
bd online bazar,2011.0,wholesale,1 - 10,,1
fatal exceptions inc,2000.0,information technology and services,1 - 10,canada,1
module tech sdn bhd,,oil & energy,1 - 10,malaysia,0
checchi and company,,computer software,1 - 10,,1
uddan infotech ltd,2013.0,telecommunications,11 - 50,india,5
grupo wasaki engenharia,1974.0,construction,1 - 10,brazil,1
"mix nutz productions, inc.",2012.0,entertainment,1 - 10,isle of man,3
remind learning,2009.0,professional training & coaching,11 - 50,netherlands,14
the linen tree,1978.0,retail,1 - 10,united states,4
inlu,,consumer services,1 - 10,united states,2
premium personnel inc,,human resources,1 - 10,united states,1
royale concorde international school,,education management,11 - 50,india,6
"jin solution co., ltd. (주)진솔루션",2009.0,mechanical or industrial engineering,11 - 50,,4
cinder creek construction,2008.0,construction,1 - 10,united states,2
goldas kitchen inc,,wholesale,1 - 10,,1
european lifestyle medicine organization (elmo),,medical practice,11 - 50,switzerland,7
blue valley veterinary clinic,,publishing,1 - 10,united states,0
seonam university,,higher education,1 - 10,,0
promteg,2006.0,electrical/electronic manufacturing,11 - 50,netherlands,6
cylab inc.,1994.0,information technology and services,1 - 10,united states,5
i s barbosa petroleum,2002.0,oil & energy,1 - 10,brazil,1
woodfull,2013.0,consumer goods,1 - 10,netherlands,2
"southwest pension services, inc.",1978.0,financial services,1 - 10,united states,1
media business projects ltd,,media production,1 - 10,,1
acronotics limited,2017.0,computer software,11 - 50,united kingdom,15
despro engineering oy,2015.0,oil & energy,51 - 200,finland,19
housetrade.co.uk,2012.0,real estate,1 - 10,united kingdom,0
bradley plumbing & heating,,construction,1 - 10,united states,1
grumium labs,,information technology and services,1 - 10,,2
publicity support ca,2012.0,public relations and communications,1 - 10,,1
bbb umwelttechnik gmbh,1996.0,renewables & environment,1 - 10,united states,1
the wirta group,2009.0,marketing and advertising,1 - 10,united states,1
eurotrx,2010.0,financial services,1 - 10,,0
smile zone,,hospital & health care,1 - 10,united states,2
kats korner,,consumer services,1 - 10,united states,1
wu wei gung fu,1970.0,sports,1 - 10,united states,3
mestieri pr,1975.0,public relations and communications,1 - 10,,1
"park & longstreet, p.c.",2000.0,law practice,1 - 10,united states,2
scooter store,,"health, wellness and fitness",1 - 10,united states,0
farringdon group ltd,2007.0,financial services,51 - 200,malaysia,33
stichting hellendoorn rally,1982.0,non-profit organization management,1 - 10,netherlands,2
limora,2009.0,financial services,1 - 10,,2
crescendo strategies,2012.0,human resources,11 - 50,united states,9
referral,,financial services,1 - 10,united states,2
tea smith,,food & beverages,1 - 10,united states,1
proff gente & gestão,2011.0,management consulting,11 - 50,brazil,5
delhi recuiters pvt. ltd.,,staffing and recruiting,11 - 50,,4
teayudamosavendermas.com,2015.0,management consulting,1 - 10,spain,0
blueflame performance engineering,,automotive,1 - 10,,0
"svc advies, accountancy en management",2003.0,financial services,11 - 50,netherlands,11
insight risk consulting,2012.0,insurance,1 - 10,united kingdom,3
"bremer & bouman heating and cooling , inc.",,construction,1 - 10,united states,1
guardian property & asset management pty ltd,2002.0,real estate,11 - 50,australia,7
"generations real estate holdings, llc",2010.0,real estate,1 - 10,united states,0
metrix is,2014.0,information technology and services,1 - 10,united states,1
charleston family ymca,,"health, wellness and fitness",1 - 10,united states,1
smith llc | ingenuity in law,2008.0,law practice,1 - 10,united states,2
"miguel ángel pimentel & asociados, s.r.l.",1972.0,management consulting,1 - 10,dominican republic,1
virtuebuild,2013.0,internet,1 - 10,,0
safelogic,2012.0,computer software,1 - 10,united states,5
sheboygan chevrolet buick gmc cadillac,,automotive,11 - 50,,16
proseg- assessoria e treinamentos em segurança do trabalho,2012.0,professional training & coaching,11 - 50,,4
glen abbey academy,,sports,1 - 10,united states,0
future personnel,2000.0,staffing and recruiting,1 - 10,united kingdom,2
aventec ltd. birmingham,,information technology and services,1 - 10,,1
frankia virtual,,retail,11 - 50,,9
perfect restorations,,construction,1 - 10,united states,0
guide valve limited,1981.0,oil & energy,11 - 50,canada,13
gd massage,2010.0,"health, wellness and fitness",1 - 10,france,1
harveys restaurant,,food & beverages,51 - 200,united states,67
"happy jack software, inc.",,computer software,1 - 10,united states,1
stichting eusebius arnhem,2013.0,non-profit organization management,11 - 50,netherlands,5
kosmos kg,,events services,1 - 10,germany,0
thewebsiteshop,2014.0,design,1 - 10,singapore,1
splash fashions india pvt. ltd.,2012.0,apparel & fashion,51 - 200,india,44
global b2b finance/credit conference & expo,2014.0,events services,1 - 10,united states,2
revista mujer del cobre de ansco codelco chile,,public relations and communications,11 - 50,,16
virtual assistant business solutions,2007.0,consumer services,1 - 10,united states,1
"ngmetal, soluções industriais.com",,mechanical or industrial engineering,1 - 10,,0
sarl. 123compta,2014.0,accounting,1 - 10,france,1
daydreamer la,2011.0,apparel & fashion,1 - 10,united states,5
spice costantino architects,,architecture & planning,1 - 10,united states,0
rush video,1993.0,media production,1 - 10,brazil,0
234legal,,legal services,1 - 10,,1
grupo aporta,,human resources,1 - 10,,0
pharos university in alexandria,,education management,1001 - 5000,egypt,351
carefree smiles,,"health, wellness and fitness",1 - 10,united states,1
"the help button, llc",,information technology and services,1 - 10,united states,2
shift swap,2012.0,human resources,1 - 10,united kingdom,0
streaming media services ltd,1998.0,information technology and services,1 - 10,united kingdom,0
pc land canada,2014.0,information technology and services,1 - 10,canada,1
gnetwork360,2005.0,marketing and advertising,11 - 50,argentina,15
finesti,1995.0,financial services,1 - 10,,1
"forensic consulting group, llc",2012.0,insurance,1 - 10,united states,2
"associated construction & engineering, inc.",,construction,1 - 10,united states,3
"line seiki co., ltd.",1949.0,electrical/electronic manufacturing,51 - 200,japan,17
male models netherlands,2014.0,entertainment,11 - 50,netherlands,11
kibodhi,,design,1 - 10,,1
beng,,design,11 - 50,,5
startlabs - design e sistemas,2016.0,design,1 - 10,brazil,2
colop românia srl,1998.0,retail,11 - 50,austria,4
di.be. srl,,food & beverages,1 - 10,,1
riverside county flood control and water conservation district,,civil engineering,201 - 500,,73
higham ferrers junior school,,education management,1 - 10,united kingdom,1
"instalaciones frigolan, s.l.",1994.0,mechanical or industrial engineering,11 - 50,spain,6
stichting ijsselmonde-oost,1967.0,hospital & health care,1 - 10,netherlands,3
atom age industries llc,,entertainment,1 - 10,,2
event decor,2012.0,events services,1 - 10,,1
sterling payphones inc.,,information technology and services,1 - 10,united states,0
vidiemme consulting,2004.0,information technology and services,51 - 200,italy,53
media team omd,,marketing and advertising,1 - 10,germany,0
first contact design inc,,design,1 - 10,united states,0
octus solution & services,,human resources,1 - 10,,0
compass tutoring,2012.0,education management,1 - 10,united states,1
isurf iyoga inc.,2013.0,marketing and advertising,1 - 10,canada,0
the ryan law group,,law practice,1 - 10,united states,1
hometenders of america,2006.0,real estate,1 - 10,united states,2
gärna hjärta,2016.0,"health, wellness and fitness",1 - 10,sweden,2
absolutely beautiful flowers,,retail,1 - 10,australia,1
a440 music group,,entertainment,1 - 10,united states,0
gary maxwell insurance agency,1996.0,insurance,1 - 10,united states,1
rtt digital signage,,computer software,1 - 10,united states,1
"westgate properties, llc",2005.0,real estate,1 - 10,united states,3
abdi - agribusiness development institute,2012.0,professional training & coaching,1 - 10,australia,3
the branding group,,marketing and advertising,1 - 10,,1
resoundlogic,2014.0,music,1 - 10,united states,0
candary digital,1998.0,marketing and advertising,1 - 10,spain,3
leisure tim technology,,information technology and services,1 - 10,united states,0
george hay chartered accountants,1939.0,accounting,51 - 200,united kingdom,26
collaborative design group architecture & interiors,2002.0,design,11 - 50,united states,8
eddie's tickets,1992.0,entertainment,1 - 10,united states,1
delta land surveying,1996.0,oil & energy,1 - 10,united states,0
"platinum international, inc.",,marketing and advertising,1 - 10,united states,3
sqs technologies,,computer software,1 - 10,india,2
hi! tours pvt. india ltd.,1997.0,"leisure, travel & tourism",11 - 50,india,11
xperients – digital agency,2016.0,marketing and advertising,1 - 10,germany,2
leasburg grocery,,consumer services,1 - 10,united states,0
mena college of management,,education management,11 - 50,,5
cbhnp,,hospital & health care,51 - 200,united states,56
conquest funds,2011.0,financial services,1 - 10,united states,2
carlton smith private wealth,2010.0,financial services,1 - 10,united kingdom,1
4ghi,1998.0,computer software,1 - 10,sweden,2
tegeltjeswijsheid.nl,2013.0,entertainment,1 - 10,netherlands,2
hospital farallón,,marketing and advertising,11 - 50,mexico,4
mohtawa saudi inbound and content marketing,2013.0,marketing and advertising,1 - 10,saudi arabia,1
net-trust,2013.0,telecommunications,11 - 50,chile,4
sparkle security,,information technology and services,1 - 10,,2
elite southwest balfour,,retail,1 - 10,united states,1
actin,2001.0,information technology and services,11 - 50,spain,4
partition solutions company - parsol,2013.0,wholesale,1 - 10,,1
sacramento steps forward,,non-profit organization management,11 - 50,united states,9
247staff,,staffing and recruiting,1 - 10,,0
zung fu,,automotive,201 - 500,,117
localized,2016.0,human resources,11 - 50,,4
trails beyond,2013.0,"leisure, travel & tourism",1 - 10,greece,1
"angela wang & co, solicitors",1995.0,legal services,11 - 50,,4
chef dan's southern comfort restaurant,2009.0,food & beverages,1 - 10,united states,0
genxcoders,2008.0,information technology and services,11 - 50,india,6
flixton manor,,hospital & health care,1 - 10,united kingdom,1
oilfield technical consulting ltd,,mechanical or industrial engineering,1 - 10,united kingdom,1
kd bilişim tanıtım ve danışmanlık hizmetleri,,internet,1 - 10,turkey,0
mpm services,,information technology and services,1 - 10,united states,1
weledu group,,electrical/electronic manufacturing,1 - 10,,2
papillon powder manufacturers sdn. bhd.,,medical practice,1 - 10,malaysia,1
houses of light,,real estate,1 - 10,united states,1
shake (poland),2010.0,events services,1 - 10,,0
gənc mühəndislərin i̇nkişafı i̇ctimai birliyi,2008.0,non-profit organization management,11 - 50,,4
loveden computer services ltd.,,computer software,1 - 10,united kingdom,0
piata muncii,2014.0,staffing and recruiting,1 - 10,,2
adynaton partners llp,2016.0,real estate,1 - 10,united kingdom,2
net it - microsoft crm partner,1999.0,information technology and services,51 - 200,belgium,26
hari crm,2017.0,marketing and advertising,1 - 10,,2
mclachlan experiences,,"leisure, travel & tourism",11 - 50,,4
bordentown family dental,,medical practice,1 - 10,united states,1
cummins west inc,,staffing and recruiting,1 - 10,united states,0
ja salesforce consulting,,information technology and services,1 - 10,united states,1
firefly lighting design ltd,2003.0,design,1 - 10,united kingdom,3
indexasia.co. ltd.,2007.0,marketing and advertising,1 - 10,taiwan,1
plink consulting,,human resources,51 - 200,china,23
vanbrugh college,,music,1 - 10,united kingdom,0
twin creeks country club,,food & beverages,11 - 50,united states,6
crystal caterers,2010.0,events services,1 - 10,pakistan,1
studio w agency,2007.0,internet,11 - 50,france,4
chinasoftsolutions,,computer software,1 - 10,,0
burnac corporation,1984.0,hospital & health care,1 - 10,canada,1
start here fm,2014.0,internet,1 - 10,,0
network logistics inc.,1997.0,transportation/trucking/railroad,1 - 10,united states,1
blender studio,2014.0,computer software,1 - 10,new zealand,1
nokia,,computer software,1 - 10,united states,1
concrete paver systems,,construction,1 - 10,united states,0
north shore-lij health plan inc,,hospital & health care,1 - 10,united states,2
mahon marketing,,marketing and advertising,1 - 10,united states,0
the kitchen source,1991.0,design,11 - 50,united states,17
elite group marketing,2012.0,marketing and advertising,1 - 10,united states,0
it experts it kids,2001.0,computer software,1 - 10,greece,2
etmc crockett,,"health, wellness and fitness",1 - 10,united states,2
pruitiandrea.it,,marketing and advertising,1 - 10,italy,2
palmetto scale services,,machinery,1 - 10,united states,0
kienstra concrete,,construction,1 - 10,united states,1
fantozzi hotel & restaurante,1946.0,hospitality,1 - 10,brazil,0
karingana.de,2009.0,internet,1 - 10,,0
gwen grossman lighting design,2010.0,architecture & planning,1 - 10,united states,1
christian spencer leisure limited,,food & beverages,1 - 10,united kingdom,2
chasan group llc,,real estate,1 - 10,united states,1
j reid engineering limited,,mechanical or industrial engineering,1 - 10,united kingdom,2
shree laxmi enterprises pune,,accounting,1 - 10,,1
dialing for dollars,2004.0,marketing and advertising,51 - 200,united states,32
brown university school of professional studies,,education management,51 - 200,united states,34
washington association of realtors,,real estate,1 - 10,united states,0
lifestyles of saratoga,1991.0,retail,11 - 50,united states,6
djool,2017.0,information technology and services,1 - 10,,1
inform architecture,2013.0,architecture & planning,1 - 10,united states,1
residential contractors,,construction,1 - 10,united states,1
online akademie gmbh & co. kg,2008.0,internet,11 - 50,germany,4
brady oilfield services l.p.,,transportation/trucking/railroad,1 - 10,canada,0
relisa consultoria e marketing educacional,2016.0,education management,1 - 10,,0
crédit agricole assurances,2007.0,insurance,1001 - 5000,,1586
hearing solutions northwest,2009.0,hospital & health care,1 - 10,united states,2
inter mutuelles entreprises,,insurance,1 - 10,france,2
jwe corporation,,construction,11 - 50,guadeloupe,10
deep red marketing,,marketing and advertising,1 - 10,,0
pacific property & financing,,real estate,1 - 10,,0
richmond house wealth management limited,,financial services,11 - 50,united kingdom,6
export showroom ltd,2009.0,automotive,1 - 10,united kingdom,0
centre d'enseignement notre-dame des champs,,internet,1 - 10,belgium,2
luphahla holdings (pty) ltd,,information technology and services,1 - 10,,1
combind group contracting company,,marketing and advertising,1 - 10,united kingdom,1
pgl,1991.0,environmental services,201 - 500,canada,111
central roofing south wales ltd,2004.0,construction,1 - 10,united kingdom,4
re:cognition web design,2006.0,design,1 - 10,,0
recaba inversiones turisticas sl,2014.0,hospitality,1 - 10,,3
avalon realty llc,,real estate,1 - 10,united states,2
teletouch communications,1964.0,telecommunications,51 - 200,united states,27
turner brothers furnishings,,hospital & health care,11 - 50,,5
"o.brien garage doors, inc.",,consumer services,1 - 10,,1
virola shoes pvt. ltd. - india,,apparel & fashion,1 - 10,,3
上海翼葵网络技术有限公司(apsoto),,internet,1 - 10,,1
creonic gmbh,2010.0,information technology and services,1 - 10,germany,2
accesspay fleet solutions,2013.0,financial services,1 - 10,australia,2
alex b. inc.,,apparel & fashion,1 - 10,united states,1
springhouse manorcare,,hospital & health care,1 - 10,united states,0
internet reptile,,wholesale,1 - 10,united kingdom,0
four points by sheraton manhattan chelsea,2003.0,hospitality,1 - 10,united states,1
smiles dog training,2017.0,consumer services,1 - 10,united states,2
"prospect education, llc",,education management,51 - 200,united states,63
spikes motor carriers,2006.0,transportation/trucking/railroad,1 - 10,,1
a.t. consulting,2016.0,management consulting,1 - 10,italy,1
coaching by cornerstone,,professional training & coaching,1 - 10,united states,2
health design lab,2016.0,design,1 - 10,united states,1
plm-team gmbh,2006.0,machinery,1 - 10,switzerland,1
caleira,,retail,1 - 10,,1
straccone,2010.0,management consulting,1 - 10,india,2
eurodebt,,financial services,1 - 10,,2
trading nrg,,oil & energy,1 - 10,,2
brainware university,1990.0,education management,11 - 50,india,12
restaurant repair,,machinery,1 - 10,united states,1
bewegungsforum,,sports,1 - 10,,1
bainbridge homes,,real estate,1 - 10,united states,4
smartions ag,2014.0,information technology and services,1 - 10,germany,0
bamboo marketing,,marketing and advertising,1 - 10,united kingdom,0
i can fix it inc,,construction,1 - 10,united states,2
"windsor tennis club, belfast",1901.0,sports,1 - 10,united kingdom,0
hcg multi specialty hospital,,hospital & health care,11 - 50,india,14
svela vastgoedadvies,,real estate,1 - 10,,1
dr media limited,,information technology and services,1 - 10,australia,2
apeducation online,,education management,1 - 10,,2
nex life consultoria,2012.0,management consulting,1 - 10,brazil,0
deschutes county health dept,,hospital & health care,1 - 10,united states,4
"fenghua kerui auto parts co.,ltd.",,automotive,1 - 10,china,1
tierras de gairia,,food & beverages,1 - 10,,2
restaurant & kookstudio nine,2013.0,hospitality,1 - 10,,3
smart support,,information technology and services,11 - 50,,10
"port city young professionals, llc",2009.0,marketing and advertising,1 - 10,united states,1
pyrameed web agency,2006.0,marketing and advertising,1 - 10,switzerland,0
brian j lee insurance agency,,insurance,1 - 10,united states,1
blue&cream,2004.0,retail,1 - 10,united states,1
empresta,,financial services,1 - 10,brazil,1
easter seals ontario,1922.0,non-profit organization management,51 - 200,canada,45
datarescue limited,2002.0,information technology and services,1 - 10,ireland,3
boardwise (edinburgh) limited,,information technology and services,1 - 10,united kingdom,0
"stats unlimited, inc.",2007.0,accounting,1 - 10,united states,3
"encap seal, created by encap systems",,construction,1 - 10,,0
summer village at the pond,,real estate,1 - 10,united states,4
"tallwood legal, llc",2005.0,staffing and recruiting,1 - 10,united states,1
canteen service company,1916.0,food & beverages,51 - 200,united states,81
viúva monteiro & irmão lda,,"leisure, travel & tourism",1 - 10,,1
the myers group,1993.0,hospital & health care,51 - 200,united states,33
brandkey digital,2009.0,marketing and advertising,1 - 10,portugal,2
primer clic multimedios,2007.0,design,1 - 10,mexico,0
anatomic,,retail,1 - 10,,2
smps dallas,1982.0,marketing and advertising,1 - 10,united states,4
one dish,,computer software,1 - 10,united states,1
springstrike inc.,,events services,1 - 10,,1
v&s entertainment,1991.0,media production,1 - 10,united kingdom,0
not a clue adventures,2008.0,"leisure, travel & tourism",11 - 50,united states,7
farmington school district,,information technology and services,201 - 500,united states,127
bw container systems,,machinery,201 - 500,united states,142
idesign.nl  innovatie & ontwerp,1979.0,design,1 - 10,,2
meridian financial group,,financial services,1 - 10,united states,5
salt+light photography,2011.0,photography,1 - 10,,1
"finance society, university of reading",2012.0,financial services,1 - 10,united kingdom,1
digicasa limited,2016.0,internet,1 - 10,,1
ibg incasso & creditmanagement,2012.0,financial services,1 - 10,netherlands,1
drive media rights limited,,media production,1 - 10,,1
machinefabriek rotterdam,,machinery,1 - 10,,1
"gazmar, s.l.",,mechanical or industrial engineering,11 - 50,,4
power consulting group,2010.0,hospitality,1 - 10,canada,3
"spalding tougias architects, inc.",1992.0,architecture & planning,1 - 10,united states,3
fundacion vision panama,,non-profit organization management,1 - 10,panama,0
